"Ada yang jual bayi harimau gk ?? Pengen melihara itu banget .","wildlife trade"
"Ada yang jual bayi harimau ??","wildlife trade"
"Off ah gakseru nih...Mending buka kaskus,kali aja ada yg jual bayi harimau hahaha :D","wildlife trade"
"Yg jual bayi harimau dimana yah -_- info nya dong :D","wildlife trade"
"Ada yg jual bayi harimau yg ga bs gede???","wildlife trade"
"seriusan gue mau banget beli kalo ada yang jual bayi harimau..","wildlife trade"
"Ada yg jual bayi singa atau harimau ?","wildlife trade"
"ada yg jual bayi harimau ga ? gue pengen beli nihhh.. wkwkwkw :))","wildlife trade"
"info jual bayi harimau","wildlife trade"
"Ada gitu yg jual bayi harimau putih ? Maulaaaa :3","wildlife trade"
"""Dimana jual harimau sama singa yang masih bayi? --""""""","wildlife trade"
"@infobdg ada ’??¦??g tau jual, bayi harimau,,","wildlife trade"
"RedTwk @Intanelstr: Kalau ajah ada yang jual bayi harimau langsung dibeliin deh sama..............*isisendiri*","wildlife trade"
"@OkkyKanyami wiiii kalo ada yg jual bayi harimau gue jg mau ky!","wildlife trade"
"Pengen pelihara anak harimau or anak singa deeehh... Ada yg jual g ya bayi nyaa..","wildlife trade"
"kenapa kak kenapa?wkwkRT @Intanelstr: Wah hening wah..RTheningis: RedTwk @Intanelstr: Kalau ajah ada yang jual bayi harimau langsung dibelii","wildlife trade"
"@yukiyuks kalo ada yg jual gw mau beli, tapi kalo bisa tu bayi harimau jangan gede2, bayi aja terus. ngeri kalo jadi gede, hehee","wildlife trade"
"@flowerellla Kalau jual ginjal apa aku dibeliin bayi harimau? ????????","wildlife trade"
"Q jual zak mw? HaaRT @roZAAque: Ada yg tau ga, dmana ada jual bayi harimau?? Share info dong..","wildlife trade"
"""Wkwk dijual brp om? """"@anggitlrs: buset di kaskus ada yg jual bayi harimau -_-""""""","wildlife trade"
"Mana bolehRT @chitrabilqis: @farizws sumpah lo punya kenalan yg mau jual bayi harimau putih? Kalo ada sini gue ... http://tmi.me/c9p5j","wildlife trade"
"Ada nya siluman kera putihRT @Giovannifajrin: @arinadaniswara jual bayi harimau? AKU BELI DONG! Harimau putih ada ga rin?","wildlife trade"
"teume! Akun yang jual satu babi, satu panda, satu harimau, satu koala, satu hamster, satu singa, satu kucing, satu rubah, satu kelinci, satu alpaca, satu serigala dan satu sapi, tag akunnya dong! Ulang ya, lupa bayi imut satu itu ????????????????","wildlife trade"
"Jadi pingin punya bayi harimau, ada yang jual gak sih.","wildlife trade"
"Dimana ya yang jual bayi harimau sumatera :-$","wildlife trade"
"Mau punya bayi harimau dong,,pasti ngga di jual","wildlife trade"
"Bayi harimau ada yg jual ga yaa? @FJB_Bandung","wildlife trade"
"kok gak onok seng jual bayi harimau ya","wildlife trade"
"buset di kaskus ada yg jual bayi harimau -_-","wildlife trade"
"mana ada yang jual bayi harimau","wildlife trade"
"Bayi harimau gak ada yg jual ya","wildlife trade"
"Yang punya info jual bayi kuskus atau kukang Dan bayi harimau daerah malang DM saya ya min . @infomalang","wildlife trade"
"Alis Harimau, Cuma 1, Natural, Blom Di Apa2in.: WTS  Sepotong Kulit bagian Alis Harimau  Fungsi :  Tanya aja k... http://t.co/OffgLcD0E1","wildlife trade"
"Seru kali ya melihara bayi harimau, udah gede nya jual dah ke kebon binatang","wildlife trade"
"@jeyyahmd @dhiyaaa__ ada jual gigi harimau tak?","wildlife trade"
"@azraeimuhamad aku ada gigi harimau. Yes, boleh jual!","wildlife trade"
"jual Taring, Kuku, Kumis Harimau 100% ASLI dan Bergaransi: jual Taring, Kuku, Kumis Harimau 100% ASLI dan Berg... http://t.co/9x0Muzjra0","wildlife trade"
"wtf jual kuku harimau dengan tanduk rusa putih kat carousel","wildlife trade"
"Di jual taring + kuku Harimau lapis mas http://t.co/qHYe7JvMLi","wildlife trade"
"kuku harimau jambi: di jual kuku harimau asli dr jambi...jika minat lsg pm ane ga hub ke 081299224044...  nb b... http://t.co/BqZwEcKdI4","wildlife trade"
"Jual Kuku Harimau: Kuku harimau dijamin asli, silahkan  Kontak telpon atau whatsapp di 082131294968   Bisa Co... https://t.co/gWGjQqcgCk","wildlife trade"
"""lapak jual taring, kulit dan kuku harimau di @kaskus &gt; http://t.co/a056xYlb cc: @WWF_ID @Greenpeace @randurini @adarwis (via: @elsara )""","wildlife trade"
"https://t.co/OlqpJvbTM2  @LazadaID cem mana kelen jual kuku harimau?? Dicek lah kalo punya seller.","wildlife trade"
"Ada lagi yg jual, kuku harimau sumatera asli, buyer alasannya buat kewibawaan & punya nilai magis  http://t.co/muL5NCi8","wildlife trade"
"@half_humans jual pelbagai jenis kuku, kuku harimau, kuku lembu, kuku ayam.. Hahaha x de laa jual baju lelawa laa","wildlife trade"
"""lapak jual taring, kulit dan kuku harimau di @kaskus &gt; http://t.co/Jd38C58 cc: @MilaRedkani  via @maskurtamanyira""","wildlife trade"
"jual Taring, Kuku, Kumis Harimau 100% ASLI dan Bergaransi: jual Taring, Kuku, Kumis Harimau 100% ASLI dan Berg... http://t.co/9x0Muzjra0","wildlife trade"
"Jual anak harimau putih..minat?sudah jinak..","wildlife trade"
"Jadi pengen pelihara anak harimau sampe gede kan jadinya dia jinak ._.v trus gua lepasin taringnya u,u http://myloc.me/hr7Dq","wildlife trade"